-- phpMyAdmin SQL Dump
-- version 3.1.3.1
-- http://www.phpmyadmin.net
--
-- Host: localhost
-- Generation Time: Jun 28, 2010 at 09:05 AM
-- Server version: 5.1.33
-- PHP Version: 5.2.9-2

SET SQL_MODE="NO_AUTO_VALUE_ON_ZERO";


/*!40101 SET @OLD_CHARACTER_SET_CLIENT=@@CHARACTER_SET_CLIENT */;
/*!40101 SET @OLD_CHARACTER_SET_RESULTS=@@CHARACTER_SET_RESULTS */;
/*!40101 SET @OLD_COLLATION_CONNECTION=@@COLLATION_CONNECTION */;
/*!40101 SET NAMES utf8 */;

--
-- Database: `danang`
--

-- --------------------------------------------------------

--
-- Table structure for table `baiviet`
--

CREATE TABLE IF NOT EXISTS `baiviet` (
  `MaCTDM` char(10) COLLATE utf8_unicode_ci DEFAULT NULL,
  `MaBV` char(10) COLLATE utf8_unicode_ci NOT NULL,
  `TenBV` varchar(50) COLLATE utf8_unicode_ci NOT NULL,
  `Nguoiviet` varchar(50) COLLATE utf8_unicode_ci NOT NULL,
  `Ngayviet` datetime DEFAULT NULL,
  `Lantruycap` int(4) DEFAULT NULL,
  `NoidungBV` varchar(2000) COLLATE utf8_unicode_ci NOT NULL,
  `trangthai` int(4) DEFAULT NULL,
  `gioithieu` varchar(150) COLLATE utf8_unicode_ci DEFAULT NULL,
  PRIMARY KEY (`MaBV`)
) ENGINE=MyISAM DEFAULT CHARSET=utf8 COLLATE=utf8_unicode_ci;

--
-- Dumping data for table `baiviet`
--

INSERT INTO `baiviet` (`MaCTDM`, `MaBV`, `TenBV`, `Nguoiviet`, `Ngayviet`, `Lantruycap`, `NoidungBV`, `trangthai`, `gioithieu`) VALUES
('4', '1', 'khoáng sản', 'user1', '2010-06-21 12:40:25', 0, '* Cát trắng: tập trung ở Nam Ô, trữ lượng khoảng 5 triệu m3. * Đá hoa cương: ở Non Nước, nhưng để bảo vệ khu di tích nổi tiếng Ngũ Hành Sơn, loại đá này đã được cấm khai thác. * Đá xây dựng: đây là loại khoáng sản chủ yếu của thành phố, tập trung ở khu vực phía Tây, Bắc và Tây Nam thành phố. * Đá phiến lợp: tập trung ở thôn Phò Nam, xã Hòa Bắc. Đây là loại đá filit màu xám đen, có thể tách thành từng tấm với kích thước (0,5 x 10) x 0,3-0,5m. Trữ lượng khoảng 500.000m3. * Cát, cuội sỏi xây dựng: cát lòng sông Vĩnh Điện, Túy Loan, sông Yên, Cầu Đỏ, Cẩm Lệ, Cu Đê, cuội sỏi Hòa Bắc, Hòa Liên. * Laterir: đến nay đã có 03 mỏ được nghiên cứu sơ lược: La Châu, Hòa Cầm, Phước Ninh là sản phẩm phong hóa của các đá phiến hệ tầng Bol-Atek. * Vật liệu san lấp: chủ yếu là lớp trên mặt của các đá phiến hệ tầng Bol-Atek bị phong hóa, có nơi lớp này dày đến 40-50m. Tập trung chủ yếu ở Hòa Phong, Hòa Sơn, Đa Phước.* Đất sét: trữ lượng khoảng 38 triệu m3. * Nước khoáng: ở Đồng Nghệ, lưu lượng tự chảy khoảng 72m3/ngày. * Đặc biệt, vùng thềm lục địa có nhiều triển vọng về dầu khí.', 1, '* Cát trắng: tập trung ở Nam Ô, trữ lượng khoảng 5 triệu m3. * Đá hoa cương: ở Non Nước, nhưng để bảo vệ khu di tích nổi tiếng Ngũ Hành Sơn, loại đá..'),
('4', '2', 'Rừng', 'user2', '2010-02-03 12:58:37', NULL, 'Diện tích đất lâm nghiệp trên địa bàn thành phố là 67.148 ha, tập trung chủ yếu ở phía Tây và Tây Bắc thành phố, bao gồm 3 loại rừng: Rừng đặc dụng: 22.745 ha, trong đó đất có rừng là 15.933 ha; Rừng phòng hộ: 20.895 ha, trong đó đất có rừng là 17.468 ha; Rừng sản xuất: 23.508 ha, trong đó, đất có rừng là 18.176 ha. Rừng ở Đà Nẵng tập trung chủ yếu ở cánh Tây huyện Hòa Vang, một số ít ở quận Liên Chiểu, Sơn Trà, Ngũ Hành Sơn. Tỷ lệ che phủ là 49,6%, trữ lượng gỗ khoảng 3 triệu m3. Phân bố chủ yếu ở nơi có độ dốc lớn, địa hình phức tạp. Rừng của thành phố ngoài ý nghĩa kinh tế còn có ý nghĩa phục vụ nghiên cứu khoa học, bảo vệ môi trường sinh thái và phát triển du lịch. Thiên nhiên đã ưu đãi ban cho thành phố các khu bảo tồn thiên nhiên đặc sắc như: Khu bảo tồn thiên nhiên Bà Nà, Khu bảo tồn thiên nhiên Sơn Trà và Khu văn hóa lịch sử môi trường Nam Hải Vân.', 1, 'Diện tích đất lâm nghiệp trên địa bàn thành phố là 67.148 ha, tập trung chủ yếu ở phía Tây và Tây Bắc thành phố, bao gồm 3 loại rừng...'),
('4', '3', 'Khu Bảo tồn thiên nhiên Bà Nà', 'user1', '2009-03-28 13:00:30', 0, 'Tổng diện tích tự nhiên là 8.838 ha, trong đó diện tích rừng và đất lâm nghiệp là 8.800 ha bao gồm đất có rừng: 6.942 ha (rừng tự nhiên 5.976 ha, rừng trồng 966 ha), đất chưa có rừng 1.858 ha. Đây là khu rừng có giá trị lớn về đa dạng sinh học, nối liền với vườn quốc gia Bạch Mã (Thừa Thiên - Huế), rừng đặc dụng Nam Hải Vân và dãy rừng tự nhiên phía bắc và tây bắc tỉnh Quảng Nam, tạo nên một dãy rừng xanh độc nhất Việt Nam liên tục trải dài từ biển Đông đến biên giới Việt - Lào. Rừng tự nhiên Bà Nà - Núi Chúa có kết cấu thành loài đặc trưng cho sự giao lưu giữa hai luồng thực vật phía bắc và phía nam, đồng thời cũng đặc trưng cho khu đệm giao lưu giữa hai hệ động vật Bắc Trường Sơn và Nam Trường Sơn. Ngoài ra, đây còn là vùng khí hậu mát mẻ, trong lành, đầu nguồn các dòng sông, đóng vai trò đáng kể trong việc bảo vệ môi trường, điều hòa khí hậu, phục vụ nghiên cứu khoa học và phát triển du lịch sinh thái của thành phố Đà Nẵng.', 1, 'Tổng diện tích tự nhiên là 8.838 ha, trong đó diện tích rừng và đất lâm nghiệp là 8.800 ha bao gồm đất có rừng: 6.942 ha (rừng tự nhiên 5.976 ha...'),
('4', '4', 'Khu văn hóa lịch sử môi trường Nam Hải Vân', 'user3', '2010-02-03 13:01:36', 0, 'Tổng diện tích tự nhiên là 10.850 ha, trong đó diện tích rừng và đất lâm nghiệp 9.764 ha (rừng tự nhiên 2.993,4 ha, rừng trồng 2.565,4 ha), đất chưa có rừng là 4.205ha). Rừng đặc dụng Nam Hải Vân tiếp giáp với vườn quốc gia Bạch Mã (Thừa Thiên - Huế) và Bà Nà - Núi Chúa, cùng tạo ra một hành lang đủ lớn để bảo tồn và phát triển các loài động vật rừng có nguy cơ tuyệt chủng. Về mặt môi trường, Hải vân tạo ra sự khác biệt rõ rệt về khí hậu, thời tiết giữa hai sườn phía Nam (Đà Nẵng) và phía Bắc (Thừa Thiên - Huế), che chắn thành phố Đà Nẵng giảm bớt sự tác động trực tiếp của gió bão hàng năm, đồng thời điều tiết mức độ nhiễm mặn của sông Cu Đê. Hải Vân còn có giá trị lớn về mặt văn hóa, lịch sử: đây là nơi ghi dấu ấn lịch sử Nam tiến mở rộng bờ cõi của dân tộc Việt và có cảnh quan thiên nhiên hùng vĩ.', 0, 'Tổng diện tích tự nhiên là 10.850 ha, trong đó diện tích rừng và đất lâm nghiệp 9.764 ha (rừng tự nhiên 2.993,4 ha, rừng trồng 2.565,4 ha), đất chưa c'),
('4', '5', 'Khu bảo tồn thiên nhiên Sơn Trà', 'user2', '2009-04-30 13:02:58', 0, 'Tổng diện tích tự nhiên là 4.439 ha, trong đó diện tích rừng và đất lâm nghiệp là 4.180 ha, trong đó đất có rừng là 3.431 ha (rừng tự nhiên 2.806 ha, rừng trồng 625 ha), đất chưa có rừng 748 ha. Đây là khu bảo tồn thiên nhiên vừa có hệ sinh thái đất ướt ven biển vừa có thảm rừng nhiệt đới mưa ẩm nguyên sinh. Nguồn gen thực vật nhiệt đới của Sơn Trà rất đa dạng, phong phú với số lượng cá thể lớn có khả năng cung cấp giống cây bản địa phục vụ trồng rừng như: Chò chai, Dẻ cau, Dầu lá bóng... Điều đặc biệt là Sơn Trà còn có những loài động vật quý hiếm có nguy cơ tuyệt chủng, trong đó Voọc vá có thể được xem là loài thú sinh trưởng đặc hữu của Đông Dương cần được bảo vệ. Mặt khác Sơn Trà còn là nguồn cung cấp nước ngọt cho thành phố vàa là nơi có nhiều cảnh đẹp và di tích lịch sử nên rất có giá trị về du lịch. Ngoài ra, Sơn Trà còn là bức bình phong che chắn gió bão cho thành phố.', 1, 'Tổng diện tích tự nhiên là 4.439 ha, trong đó diện tích rừng và đất lâm nghiệp là 4.180 ha, trong đó đất có rừng là 3.431 ha...'),
('4', '6', 'Đất', 'user1', '2010-03-19 13:03:55', 0, 'Với diện tích 1.255,53 km2 (chủ yếu là đất đồi núi và đảo, trong đó có huyện đảo Hoàng Sa với diện tích 305 km2); thành phố có các loại đất khác nhau: cồn cát và đất cát ven biển, đất mặn, đất phèn, đất phù sa, đất xám bạc màu và đất xám, đất đen, đất đỏ vàng, đất mùn đỏ vàng... Trong đó, quan trọng là nhóm đất phù sa ở vùng đồng bằng ven biển thích hợp với thâm canh lúa, trồng rau và hoa quả ven đô; đất đỏ vàng ở vùng đồi núi thích hợp với các loại cây công nghiệp dài ngày, cây đặc sản, dược liệu, chăn nuôi gia súc và có kết cấu vững chắc thuận lợi cho việc bố trí các cơ sở công trình hạ tầng kỹ thuật. Trong 1.255,53 km2 diện tích, chia theo loại đất có:  - Đất lâm nghiệp: 514,21 km2; - Đất nông nghiệp: 117,22 km2; - Đất chuyên dùng (sử dụng cho mục đích công nghiệp, xây dựng, thủy lợi, kho bãi, quân sự...): 385,69 km2;  - Đất ở: 30,79 km2;  - Đất chưa sử dụng, sông, núi: 207,62 km2', 0, 'Với diện tích 1.255,53 km2 (chủ yếu là đất đồi núi và đảo, trong đó có huyện đảo Hoàng Sa với diện tích 305 km2)...'),
('4', '7', 'Nước', 'user1', '2008-02-28 13:05:38', 0, '* Biển, bờ biển: Đà Nẵng có bờ biển dài khoảng 30 km, có vịnh Đà Nẵng nằm chắn bởi sườn núi Hải Vân và Sơn Trà, mực nước sâu, thuận lợi cho việc xây dựng cảng lớn và một số cảng chuyên dùng khác; và nằm trên các tuyến đường biển quốc tế nên rất thuận lợi cho việc giao thông đường thuỷ. Mặc khác Vịnh Đà Nẵng còn là nơi trú đậu tránh bão của các tàu có công suất lớn. Vùng biển Đà Nẵng có ngư trường rộng trên 15.000 km2, có các động vật biển phong phú trên 266 giống loài, trong đó hải sản có giá trị kinh tế cao gồm 16 loài (11 loài tôm, 02 loại mực và 03 loại rong biển)... với tổng trữ lượng là 1.136.000 tấn hải sản các loại (theo dự báo của Bộ Thuỷ sản) và được phân bố tập trung ở vùng nước có độ sâu từ 50-200m (chiếm 48,1%), ở độ sâu 50m (chiếm 31%), vùng nước sâu trên 200m (chiếm 20,6%). Hàng năm có khả năng khai thác trên 150.000 -200.000 tấn hải sản các loại. Đà Nẵng còn có một bờ biển dài với nhiều bãi tắm đẹp như Non Nước, Mỹ Khê, Thanh Khê, Nam Ô với nhiều cảnh quan thiên nhiên kỳ thú; ở khu vực quanh bán đảo Sơn Trà có những bãi san hô lớn, thuận lợi trong việc phát triển các loại hình kinh doanh, dịch vụ, du lịch biển. Ngoài ra vùng biển Đà Nẵng đang được tiến hành thăm dò dầu khí, chất đốt... * Sông ngòi, ao hồ: Sông ngòi của thành phố Đà Nẵng đều bắt nguồn từ phía Tây, Tây Bắc thành phố và tỉnh Quảng Nam. Hầu hết các sông ở Đà Nẵng đều ngắn và dốc. Có 2 sông chính là Sông Hàn (chiều dài khoảng 204 km, tổng diện tích lưu vực khoảng 5.180km2) và sông Cu Đê (chiều dài khoảng 38 km, lưu vực khoảng 426km2). Ngoài ra, trên địa bàn thành phố còn có các sông: Sông Yên, sông Chu Bái, sông Vĩnh Điện, sông Túy Loan, sông Phú Lộc...Thành phố còn có hơn 546 ha mặt nước có khả năng nuôi trồng thủy sản. Với tiềm năng về diện tích mặt nước, tạo điều kiện tốt để xây dựng thành vùng nuôi thủy sản với các loại chính như: cá mú, cá hồi, cá cam, tôm sú và tôm hùm', 1, '* Biển, bờ biển: Đà Nẵng có bờ biển dài khoảng 30 km, có vịnh Đà Nẵng nằm chắn bởi sườn núi Hải Vân và Sơn Trà, mực nước sâu, thuận lợi cho việc xây..'),
('3', '8', 'VỊ TRÍ CHIẾN LƯỢC', 'user3', '2010-06-01 13:07:28', 0, 'Thành phố Đà Nẵng ở trung độ của đất nước, cách Hà Nội 759km và thành phố Hồ Chí Minh 960km, nằm trên trục giao thông Bắc - Nam về đường bộ (Quốc lộ 1A), đường sắt, đường biển và đường hàng không; phía bắc giáp Thừa Thiên-Huế, phía nam và phía tây giáp tỉnh Quảng Nam, phía đông giáp biển Đông. Thành phố nằm trong vùng khí hậu nhiệt đới gió mùa, nhiệt độ trung bình hàng năm là 25,70C, có diện tích tự nhiên 1.256 km2, dân số năm 2008 là 822.300 người, gồm 6 quận và 2 huyện.', 0, 'Thành phố Đà Nẵng ở trung độ của đất nước, cách Hà Nội 759km và thành phố Hồ Chí Minh 960km, nằm trên trục giao thông Bắc - Nam về đường bộ (Quốc...'),
('5', '9', 'Tiềm năng du lịch  ', 'user1', '2009-03-25 13:14:39', 0, 'Điều kiện tự nhiên Thành phố Đà Nẵng nằm ở trung độ đất nước, phía bắc giáp tỉnh Thừa Thiên - Huế, phía tây và nam giáp tỉnh Quảng Nam, phía đông giáp biển Đông.  Địa hình thành phố Đà Nẵng khá đa dạng: phía bắc là đèo Hải Vân hùng vĩ, vùng núi cao thuộc huyện Hòa Vang (phía tây bắc của tỉnh) với núi Mang 1.708m, núi Bà Nà 1.487m. Phía đông là bán đảo Sơn Trà hoang sơ và một loạt các bãi tắm biển đẹp trải dài từ bán đảo Sơn Trà đến bãi biển Non Nước. Phía nam có núi Ngũ Hành Sơn. Ngoài khơi có quần đảo Hoàng Sa với ngư trường rộng lớn. Nằm trong vùng khí hậu nhiệt đới, chia 2 mùa rõ rệt, mùa mưa và mùa khô. Nhiệt độ trung bình năm từ 28ºC– 29ºC, bão thường đổ bộ trực tiếp vào thành phố các tháng 9, 10 hàng năm.  Tiềm năng phát triển kinh tế và du lịch  Thành phố Đà Nẵng được thành lập từ năm 1888, từ xa xưa đã là hải cảng quan trọng của Việt Nam, nay là một trung tâm kinh tế, một thành phố lớn nhất miền Trung. Đà Nẵng không chỉ gắn bó mật thiết với Quảng Nam mà còn với cả miền Trung, Tây Nguyên, nam Lào, đông bắc Cam-pu-chia.  Đà Nẵng có khu vực cảng Đà Nẵng với cảng biển Tiên Sa (cảng sâu) và 9 cầu cảng dọc sông Hàn, có sân bay quốc tế Đà Nẵng, có hệ thống thông tin liên lạc hiện đại. Đà Nẵng còn là nơi hội tụ các xí nghiệp lớn của các ngành dệt, sản xuất hàng tiêu dùng, công nghiệp chế biến, công nghiệp cơ khí, công nghiệp sản xuất vật liệu xây dựng Đến với vùng đất Đà Nẵng, du khách sẽ có dịp đi thăm các danh lam thắng cảnh nổi tiếng như núi Bà Ná, Ngũ Hành Sơn, đèo Hải Vân, bán đảo Sơn Trà... và có thể bơi lội thoả thích ở các bãi biển đẹp, cát trắng mịn kéo dài hàng chục ki lô mét. Tiềm năng du lịch của vùng đất Đà Nẵng thật to lớn. Giao thông Thành phố Đà Nẵng nằm trên trục đường bộ, đường sắt, đường thủy và đường hàng không của cả nước và khu vực. Đà Nẵng nằm trên tuyến đường sắt Bắc Nam và quốc lộ 1A, cách Hà Nội 763km. Từ Đà Nẵng có các chuyến bay đi Hà Nội, Hồ Chí Minh, Nha Trang, Buôn Ma Thuột, Pleiku. Có 5 đường bay quốc tế trực tiếp đến Đà Nẵng đã được ', 1, 'Điều kiện tự nhiên Thành phố Đà Nẵng nằm ở trung độ đất nước, phía bắc giáp tỉnh Thừa Thiên - Huế, phía tây và nam giáp tỉnh Quảng Nam, phía đông...'),
('5', '10', 'Danh lam thắng cảnh', 'user3', '2009-04-08 13:16:23', 0, 'Vịnh Đà Nẵng với bãi cát mịn chạy dài •	Ngũ Hành Sơn (còn gọi là Non Nước) nằm cách trung tâm thành phố khoảng 5 km về hướng Đông Nam. Ngũ Hành Sơn bao gồm 6 ngọn núi: Kim Sơn, Mộc Sơn, Thủy Sơn, Dương Hỏa Sơn, Âm Hoả Sơn và Thổ Sơn tượng trưng cho 5 yếu tố của vũ trụ (Ngũ hành). Trong lòng núi có nhiều hang động đẹp, có rất nhiều chim yến sinh sống và nhiều chùa chiền. Dưới chân núi còn có làng nghề đá Non Nước nổi tiếng. Bên cạnh là bãi biển Non Nước còn khá hoang sơ. •	Bà Nà - Núi Chúa là một khu nghỉ mát cách trung tâm thành phố 40 km về phía Tây Nam. Được ví như Đà Lạt của miền Trung, và cũng như Đà Lạt, Bà Nà - Núi Chúa được xây dựng thành nơi nghỉ ngơi cho các quan chức người Pháp trong thời kì Pháp còn đô hộ Việt Nam. Sau khi thực dân Pháp rút khỏi Đông Dương, khu này bị bỏ hoang và bị tàn phá nhiều bởi chiến tranh và thời gian. Gần đây, thành phố Đà Nẵng cho tái tạo lại và hi vọng trong tương lai Bà Nà - Núi Chúa sẽ lại trở thành một khu nghỉ dưỡng cao cấp.  •	* Bán đảo Sơn Trà còn được người Mỹ gọi là Núi Khỉ (Monkey Mountain), là nơi mà Đà Nẵng vươn ra biển Đông xa nhất. Nơi đây là khu bảo tồn thiên nhiên với nhiều động thực vật quý hiếm. Dưới chân bán đảo Sơn Trà là khu du lịch Suối Đá và nhiều bãi biển đẹp như: Bãi Bụt, Bãi Rạng, Bãi Bắc, Bãi Nồm. •	* Đèo Hải Vân (được mệnh danh là "Thiên hạ Đệ nhất Hùng quan") là nơi dãy Trường Sơn nhô ra biển. Cheo leo và hiểm trở, đèo Hải Vân không chỉ là ranh giới giữa hai miền Nam - Bắc mà còn là một chứng tích hùng hồn cho thời kỳ "mang gươm đi mở cõi" của người Việt. Ngày nay, hầm Hải Vân xuyên qua lòng núi giúp cho giao thông giữa hai miền tiện lợi hơn bao giờ hết. Đường hầm dài nhất Đông Nam Á này đã phần nào đặt dấu chấm hết cho tầm quan trọng của con đèo đã đi vào huyền thoại. Tuy vậy, đường đèo Hải Vân vẫn được khách du lịch ưa thích vì cảnh sắc thiên nhiên rất kỳ thú.', 1, 'Vịnh Đà Nẵng với bãi cát mịn chạy dài •	Ngũ Hành Sơn (còn gọi là Non Nước) nằm cách trung tâm thành phố khoảng 5 km về hướng Đông Nam. Ngũ Hành Sơn...'),
('5', '11', 'Bãi biển', 'user1', '2009-04-14 13:17:50', 0, 'Đà Nẵng nổi tiếng với những bãi biển cát vàng còn hoang sơ chạy dài hàng cây số, nước trong xanh và ấm áp quanh năm.  o	Bãi biển Mỹ Khê của Đà Nẵng đã được tạp chí Forbes (Mỹ) bình chọn là một trong 6 bãi biển quyến rũ nhất hành tinh. o	Bãi biển Nam Ô o	Bãi biển Xuân Thiều o	Bãi biển Thanh Bình o	Bãi biển Bắc Mỹ An o	Bãi biển Non Nước o	Bãi biển T20 o	Bãi Bụt Sơn Trà', 1, 'Đà Nẵng nổi tiếng với những bãi biển cát vàng còn hoang sơ chạy dài hàng cây số, nước trong xanh và ấm áp quanh năm.  o	Bãi biển Mỹ Khê của Đà Nẵng...'),
('1', '12', 'Sản xuất công nghiệp', 'user2', '2009-02-18 12:15:34', 0, 'Giá trị sản xuất công nghiệp tháng 01/2009 ước 872,4 tỷ đồng đạt 6,7% kế hoạch năm, tăng 4,2% so cùng kỳ năm 2008. Trong đó: công nghiệp trung ương ước 454,5 tỷ đồng, tăng 20%; công nghiệp địa phương ước 255,1 tỷ đồng, giảm 14,4%; công nghiệp có vốn đầu tư nước ngoài ước 162,8 tỷ đồng, tăng 1,5%. Mặc dù còn rất nhiều khó khăn nhưng ngay đầu năm 2009, các doanh nghiệp trên địa bàn thành phố đã có những nỗ lực đáng kể và đạt được kết quả ban đầu khả quan. Một số ngành đạt mức tăng trưởng khá do nhu cầu tiêu dùng trong dịp Tết tăng cao như: chế biến thực phẩm, đồ uống,... .Tuy nhiên, sản lượng sản xuất toàn ngành công nghiệp tháng 01/2009 tăng thấp so cùng kỳ 2008 do Tết âm lịch rơi vào tháng 01/2009, mặt khác, do ảnh hưỏng của tình trạng suy thoái kinh tế nên đơn đặt hàng ít, sản lượng tiêu thụ giảm, đặc biệt là sản xuất xuất khẩu giảm mạnh. Sản lượng thép và xi măng sụt giảm khá lớn do tồn kho những tháng cuối năm 2008 còn nhiều trong khi sức mua tiếp tục giảm', 1, 'Đà Nẵng nổi tiếng với những bãi biển cát vàng còn hoang sơ chạy dài hàng cây số, nước trong xanh và ấm áp quanh năm.  o	Bãi biển Mỹ Khê của Đà Nẵng...'),
('1', '13', 'Sản xuất thủy sản - nông – lâm nghiệp', 'user1', '2009-03-14 12:16:35', 0, 'Giá trị sản xuất thuỷ sản - nông – lâm tháng 01/2009 ước 45 tỷ đồng, đạt 7% kế hoạch năm, tăng 4,7% so với cùng kỳ 2008, trong đó thuỷ sản ước 29 tỷ đồng, nông nghiệp ước 13,5 tỷ đồng và lâm nghiệp ước 2,5 tỷ đồng.  Sản lượng khai thác thủy sản ước 2.600 tấn, giảm 8,8% so với cùng kỳ 2008, do ảnh hưởng của thời tiết, các đợt gió mùa và mưa lớn trong nhiều ngày, gây khó khăn đến hoạt động sản xuất. Các nghề tham gia khai thác chính trong tháng là lưới cản, giã cao tốc, lưới vây; nghề câu mực giảm mạnh, chỉ có 07/31 tàu tham gia khai thác. Việc cải tạo ao nuôi đã hoàn thành, tuy nhiên do thời tiết lạnh nên chưa thả giống, dự kiến sẽ thả vào trung tuần tháng 02/2009.  Hoạt động sản xuất nông nghiệp cũng gặp khó khăn do thời tiết xấu kéo dài. Vụ lúa Đông Xuân đã gieo sạ được 3.992ha, trong đó 521ha bị ngập úng. Thành phố đã kịp thời hỗ trợ các địa phương 5 tấn giống lúa ngắn ngày để gieo sạ lại trên các diện tích bị thiệt hại. Đa số diện tích gieo trồng các loại rau, hoa quả cũng bị hư hại.  Tình hình chăn nuôi phát triển ổn định. Công tác tiêm phòng, vệ sinh tiêu độc khử trùng, kiểm dịch, kiểm soát giết mổ tiếp tục được thực hiện tốt nên không xảy ra dịch bệnh trên gia súc, gia cầm. Việc triển khai tiêm phòng vacxin cúm gia cầm đợt 1 năm 2009 cơ bản đã hoàn thành (đã tiêm phòng cho 66.538 gà, 11.380 vịt), hiện đang tiếp tục tiêm vacxin lở mồm long móng cho đàn gia súc. Trong tháng, đã kiểm soát giết mổ đối với 25.652 lượt gia súc và 78.135 lượt gia cầm.  Các lực lượng chức năng đã thường xuyên tập trung duy trì công tác trực tuần tra, kiểm tra, bảo vệ rừng, đã lập biên bản 11 vụ cất dấu và vận chuyển lâm sản trái phép; xử lý 13 vụ vi phạm, tạm giữ 01 ô tô vận chuyển gỗ trái phép, tịch thu 18,490m3 gỗ rừng tự nhiên, hủy 02 lán trại.', 1, 'Giá trị sản xuất thuỷ sản - nông – lâm tháng 01/2009 ước 45 tỷ đồng, đạt 7% kế hoạch năm, tăng 4,7% so với cùng kỳ 2008, trong đó thuỷ sản ước 29 tỷ..'),
('1', '14', 'Bán lẻ hàng hóa và dịch vụ phục vụ tiêu dùng', 'user3', '2009-10-28 12:19:03', 0, 'Tổng mức bán lẻ hàng hóa và dịch vụ trong tháng ước 1.708,4 tỷ đồng, đạt 7,9% kế hoạch năm, tăng 29,3% so với cùng kỳ 2008.  Do vào thời điểm Tết Nguyên đán nên hầu hết các mặt hàng tiêu dùng đều tăng giá song, chỉ số giá tiêu dùng chung tháng 01/2009 chỉ ước tăng 0,32% so tháng 12/2008. Một số nhóm hàng tăng cao hơn mức tăng bình quân chung như: nhóm hàng dược phẩm y tế tăng 0,72%; hàng may mặc, mũ nón, giày dép tăng 1,03%; nhóm thiết bị và đồ dùng gia đình tăng 2,96%. Riêng nhóm hàng lương thực thực phẩm tăng 0,55%, trong đó lương thực tăng 0,71%, thực phẩm tăng 0,4%. Một số nhóm hàng thuộc lĩnh vực giao thông, bưu chính viễn thông giảm 4,08%, trong đó xăng dầu giảm 10,77%. Tuy nhiên, so với cùng kỳ năm 2008 thì chỉ số giá tháng 01/2009 vẫn ở mức cao, tăng 16,28% so với mức tăng của các năm trước.', 1, 'Tổng mức bán lẻ hàng hóa và dịch vụ trong tháng ước 1.708,4 tỷ đồng, đạt 7,9% kế hoạch năm, tăng 29,3% so với cùng kỳ 2008.  Do vào thời điểm Tết...'),
('1', '15', 'Xuất, nhập khẩu hàng hóa và dịch vụ', 'user2', '2009-12-07 12:20:06', 0, 'Kim ngạch xuất khẩu hàng hoá và dịch vụ ước 64,1 triệu USD, đạt 5,9% kế hoạch năm, giảm 1,2% so với cùng kỳ 2008, trong đó: xuất khẩu hàng hóa ước đạt 32,1 triệu USD, giảm 19,4%. Hoạt động xuất khẩu trong năm 2009 dự báo sẽ rất khó khăn do thế giới đang lâm vào khủng hoảng kinh tế. Sức mua của các thị trường xuất khẩu lớn của Việt Nam như: Mỹ, Châu Âu, Nhật Bản đều giảm mạnh, ảnh hưởng đến kim ngạch xuất khẩu chung của cả nước và thành phố. Ngoài ra, các doanh nghiệp xuất khẩu cũng gặp nhiều khó khăn do lãi suất trong nước mặc dù đã giảm song vẫn ở mức cao so với mặt bằng chung thế giới.  Kim ngạch nhập khẩu tháng 01/2009 ước 50 triệu USD, bằng 7,8% kế hoạch năm, tăng 22% so với cùng kỳ 2008. ', 1, 'Kim ngạch xuất khẩu hàng hoá và dịch vụ ước 64,1 triệu USD, đạt 5,9% kế hoạch năm, giảm 1,2% so với cùng kỳ 2008, trong đó: xuất khẩu hàng hóa ước...'),
('1', '16', 'Giao thông vận tải, bưu chính viễn thông', 'user5', '2010-01-21 12:30:15', 0, 'Hoạt động vận tải đáp ứng được nhu cầu đi lại, vận chuyển hàng hoá của nhân dân trong dịp Tết Nguyên đán. Ngoài ra, thành phố cũng đã triển khai một số tuyến phục vụ nhân dân. Tiếp tục thực hiện Chỉ thị số 01/2004/CT-TTg nhằm chấn chỉnh hoạt động vận tải khách liên tỉnh tuyến Quốc lộ 1A, ngăn chặn tái diễn tình trạng “xe dù”, “bến cóc” và duy trì trật tự vận tải. Tăng cường tuần tra, kiểm soát tại các khu vực bến xe, Ngã Ba Huế, gầm cầu vượt Hoà Cầm, kiểm tra việc đảm bảo quy định về tham gia hoạt động vận tải buýt... Khối lượng luân chuyển hành khách ước 113,1 triệu khách.km, tăng 10,4% so với cùng kỳ 2008; luân chuyển hàng hóa ước 207,4 triệu tấn.km, tăng 6,8%. Lượng hàng qua cảng ước 146 nghìn tấn giảm 29,4%. Doanh thu vận tải ước 147,2 tỷ đồng, tăng 9,8% so với cùng kỳ năm 2008', 1, 'Hoạt động vận tải đáp ứng được nhu cầu đi lại, vận chuyển hàng hoá của nhân dân trong dịp Tết Nguyên đán. Ngoài ra, thành phố cũng đã triển khai một..'),
('1', '17', 'Đầu tư và phát triển doanh nghiệp', 'user4', '2009-04-18 12:31:10', 0, 'Trong tháng, thành phố đã cấp Giấy chứng nhận đăng ký kinh doanh mới cho 152 doanh nghiệp, với tổng số vốn đăng ký: 228,9 tỷ đồng, trong đó có 08 doanh nghiệp tư nhân, vốn đăng ký: 2,1 tỷ đồng; 113 công ty TNHH, vốn đăng ký: 169,5 tỷ đồng; 16 công ty cổ phần, vốn đăng ký: 57,3 tỷ đồng; và 15 Chi nhánh, văn phòng đại diện. Ngoài ra, đã làm thủ tục đăng ký thay đổi, bổ sung nội dung trong giấy chứng nhận đăng ký kinh doanh cho 236 doanh nghiệp. Lũy kế đến nay, trên địa bàn thành phố có 146 dự án FDI với tổng vốn đầu tư 2,569 tỷ USD; tổng vốn thực hiện (luỹ kế) đạt 1,04 tỷ USD. Trong 146 dự án được chia theo lĩnh vực đầu tư như sau: Công nghiệp - xây dựng: 80 dự án, chiếm 54,7% tổng số dự án; vốn đầu tư 550 triệu USD, chiếm 21,4% tổng vốn đầu tư; Dịch vụ-du lịch: 52 dự án, chiếm 35,6% dự án, vốn đầu tư 2,006 tỷ USD, chiếm 77,8% tổng vốn; Thuỷ sản-nông lâm: 7 dự án, chiếm 4,7% tổng dự án; vốn đầu tư 12,61 triệu USD, chiếm 0,8% tổng vốn đầu tư. Thành phố có 11 dự án ODA đã được phê duyệt, tổng vốn đầu tư 285,43 triệu USD[2], trong đó vốn ODA đạt 212,8 triệu USD, chiếm 74% tổng vốn. Công tác quản lý vốn đầu tư xây dựng cơ bản được tăng cường, thực hiện đầu tư có trọng điểm, quy mô hợp lý và nâng cao hiệu quả đầu tư. Vốn đầu tư phát triển thuộc nguồn vốn nhà nước do địa phương quản lý tháng 01/2009 thực hiện 233 tỷ đồng, tăng 86,5% so với cùng kỳ năm 2008.  Công tác chuẩn bị đầu tư, thẩm định dự án, thẩm định thiết kế - dự toán, thẩm định đấu thầu và quản lý chất lượng công trình được thực hiện đúng quy trình và luật định. Từ 15/12/2008 đến 15/01/2009, cơ quan chức năng đã tổ chức thẩm định 55 hồ sơ các loại, trong đó có 06 hồ sơ Quy mô đầu tư; 14 hồ sơ Dự án đầu tư, Báo cáo kinh tế - kỹ thuật; 15 hồ sơ mời thầu và 20 hồ sơ kết quả đấu thầu', 1, 'Trong tháng, thành phố đã cấp Giấy chứng nhận đăng ký kinh doanh mới cho 152 doanh nghiệp, với tổng số vốn đăng ký: 228,9 tỷ đồng, trong đó có...'),
('1', '18', 'Hoạt động khoa học – công nghệ', 'user7', '2009-09-23 12:33:11', 0, '          Đã tổ chức nghiệm thu 02 đề tài: ''Xây dựng mô hình Bệnh viện điện tử tại Bệnh viện Đà Nẵng'' và “Đánh giá giải pháp xử lý đất yếu dưới nền đắp trong điều kiện địa chất thành phố Đà Nẵng”; Xét duyệt, đánh giá thuyết minh đề cương nghiên cứu 02 dự án: “Xây dựng mô hình chăn nuôi đà điểu sinh sản, đà điểu lấy thịt tại xã Hòa Phú, huyện Hòa Vang” và “Xây dựng mô hình phát triển chăn nuôi dê thâm canh trên địa bàn huyện Hòa Vang”; Phê duyệt Danh mục nhiệm vụ khoa học và công nghệ cấp thành phố năm 2009 (20 đề tài). Trong tháng, đã hướng dẫn thủ tục đăng ký bảo hộ quyền sở hữu trí tuệ cho 07 cá nhân, tổ chức. Tiếp nhận 04 sản phẩm công bố chất lượng của 03 cơ sở; kiểm định 1.577 phương tiện và hiệu chuẩn 27 phương tiện đo. Tiếp tục thực hiện giải pháp chống gian lận về đo lường trong kinh doanh xăng dầu, đến nay đã tiến hành kiểm định được 321/466 cột bơm xăng dầu của 54/94 cửa hàng. Kiểm tra 13 cơ sở kinh doanh mũ bảo hiểm, xử phạt 02 cơ sở có mẫu không đạt theo quy chuẩn kỹ thuật quốc gia. ', 1, '          Đã tổ chức nghiệm thu 02 đề tài: ''Xây dựng mô hình Bệnh viện điện tử tại Bệnh viện Đà Nẵng'' và “Đánh giá giải pháp xử lý đất yếu dưới nền...'),
('1', '19', 'Văn hóa – xã hội', 'user3', '2010-03-03 13:21:22', 0, 'Về văn hóa - thể thao, tập trung thực hiện tốt công tác tuyên truyền cổ động trực quan chào năm mới 2009, Mừng Đảng đón Xuân, huy động các doanh nghiệp tham gia công tác tuyên truyền cổ động bằng hình thức xã hội hoá. Vận động nhân dân thực hiện nếp sống văn hóa văn minh đô thị; an toàn giao thông, vệ sinh môi trường, vệ sinh an toàn thực phẩm trong dịp Tết Nguyên đán 2009. Triển khai tổ chức các chương trình phục vụ nhân dân trong dịp Tết Nguyên đán như: Bảo tàng Đà Nẵng chuẩn bị trưng bày tầng 2 Bảo tàng Lịch sử và phân loại tư liệu khoa học bổ sung cho các chuyên đề trưng bày; Nhà hát Tuồng Nguyễn Hiển Dĩnh tổ chức diễn nghệ thuật phục vụ thử nghiệm khách du lịch, dàn dựng chương trình tổng hợp dân tộc đặc sắc và một số vở tuồng; Nhà Biểu diễn đa năng tổ chức chương trình nghệ thuật “Mừng Đảng Đón Xuân 2009”,... Thành phố cũng đã chỉ đạo trang trí đường hoa Bạch Đằng và tổ chức bắn pháo hoa đêm giao thừa, tạo không khí phấn khởi, vui tươi cho người dân thành phố đón chào năm mới. Tập trung chỉ đạo các cơ sở kinh doanh vũ trường, quán bar và các điểm kinh doanh karaoke tăng cường các biện pháp giữ gìn an ninh trật tự, phòng chống các tệ nạn xã hội, đảm bảo hoạt động lành mạnh, an toàn nhất là thời điểm trước, trong và sau Tết Nguyên đán; ngành chức năng đã tổ chức 25 lượt kiểm tra, buộc tháo dỡ các bảng quảng cáo không đúng kích thước. Tổ chức thành công các hoạt động thể thao như: Giải Việt dã - chạy vũ trang báo Đà Nẵng lần thứ XIII năm 2009, Giải vô địch Bóng đá nhi đồng thành phố, giải Cờ tướng thành phố Đà Nẵng, Giải Quần vợt, Bóng bàn mừng xuân năm 2009. Triển khai kế hoạch phối hợp với các ngành liên quan và Câu lạc bộ  bóng đá SHB Đà Nẵng để chuẩn bị cho mùa giải V-League 2009. Tiếp tục triển khai công tác chuẩn bị tổ chức Đại hội Thể dục Thể thao thành phố Đà Nẵng lần thứ VI và Đại hội Thể dục-Thể thao toàn quốc lần thứ VI-2010.', 1, 'Về văn hóa - thể thao, tập trung thực hiện tốt công tác tuyên truyền cổ động trực quan chào năm mới 2009, Mừng Đảng đón Xuân, huy động các doanh...'),
('1', '20', 'Xây dựng chính quyền - Thanh tra - Tư pháp', 'user6', '2010-02-09 13:24:41', 0, 'Triển khai xây dựng đề cương Đề án dân bầu trực tiếp chức danh Chủ tịch UBND thành phố và Đề án thành lập Quỹ tăng thu nhập cho công chức hành chính và sự nghiệp từ ngân sách thành phố. Ban hành quyết định phân bổ và tiến hành giao biên chế cho tất cả các đơn vị. Phê duyệt kết quả kỳ thi tuyển công chức dự bị năm 2008.           Ngành Tư pháp đã thẩm định 04 dự thảo văn bản quy phạm pháp luật, góp ý 04 dự thảo văn bản (trong đó có 01 dự thảo văn bản của Trung ương). Các cơ quan thi hành án dân sự đã thụ lý 6.796 vụ, việc. Trong đó đã thi hành xong 504/3.483 vụ, việc có điều kiện thi hành; thi hành đều 537 vụ, việc; thi hành dở dang 1.958 vụ, việc; thi hành chưa có kết quả 484 vụ, việc; tỷ lệ giải quyết án đạt 87% số án có điều kiện thi hành. ', 1, 'Triển khai xây dựng đề cương Đề án dân bầu trực tiếp hức danh Chủ tịch UBND thành phố và Đề án thành lập Quỹ tăng thu nhập cho công chức hành...'),
('2', '21', 'Quốc phòng – an ninh và trật tự trị an đô thị', 'user1', '2009-03-28 13:25:38', 0, 'Các đơn vị, địa phương đã tập trung triển khai toàn diện công tác đảm bảo an ninh trật tự, ra quân tấn công trấn áp tội phạm, nhằm đảm bảo an ninh trật tự trước, trong và sau Tết Nguyên đán. Tiếp tục tổ chức tuần tra kiểm soát phòng, chống cướp, cướp giật trên các tuyến, địa bàn trọng điểm. Tiếp tục thực hiện chỉ đạo của Bộ Công an, Thành uỷ về triển khai thực hiện tốt Nghị quyết số 32/NQ-CP của Chính phủ[3]. Nhìn chung, tình hình kinh tế xã hội thành phố trong tháng 01/2009 có những chuyển biến tích cực và tăng trưởng so với cùng kỳ 2008 trên các lĩnh vực: thủy sản nông lâm, đầu tư, thương mại, du lịch, giao thông vận tải, bưu chính viễn thông… Thị trường Tết Nguyên đán được chuẩn bị chu đáo, hàng hoá dồi dào, phong phú. Hoạt động y tế, vệ sinh phòng dịch được chú trọng. Các hoạt động vui chơi giải trí, thể thao, văn hóa xã hội diễn ra sôi nổi, đời sống của cán bộ và nhân dân được quan tâm chăm lo. Tình hình an ninh chính trị, trật tự xã hội được giữ vững, đảm bảo cho nhân dân vui Xuân, đón Tết vui tươi, phấn khởi và an toàn, lành mạnh.  Tuy nhiên, tình hình kinh tế khu vực và thế giới vẫn có những diễn biến phức tạp, giá nguyên nhiên vật liệu biến động, nguồn nguyên liệu khai thác khó khăn, những biến đổi bất thường của thời tiết,... đã và đang tác động, ảnh hưởng không nhỏ đến hoạt động sản xuất kinh doanh, làm chậm lại tốc độ tăng trưởng của một số ngành, lĩnh vực như: Sản xuất công nghiệp, xuất khẩu... Bên cạnh đó, tình hình phạm pháp hình sự, tai nạn giao thông đường bộ cần tiếp tục được quan tâm chỉ đạo.', 1, 'Các đơn vị, địa phương đã tập trung triển khai toàn diện công tác đảm bảo an ninh trật tự, ra quân tấn công trấn áp tội phạm, nhằm đảm bảo an ninh...'),
('10', '22', 'KHU CÔNG NGHIỆP ĐÀ NẴNG', 'user7', '2009-09-08 14:57:36', 0, 'Thông tin chung:  Khu Công nghiệp Đà Nẵng được thành lập theo Giấy Phép đầu tư số689/GP ngày 21/10/1993 của UBNN về Hợp tác và Đầu tư (nay là Bộ Kế hoạch và Đầu tư) với tổng diện tích ban đầu là: 62,99ha, tại quận Sơn Trà, nằm cách cảng biển Tiên Sa 6 Km về phía Nam, cách Sân bay quốc tế Đà Nẵng 5km về phía Đông và cách trung tâm thành phố Đà Nẵng gần 2km. Dự án do Công ty Liên doanh MASSDA làm chủ đầu tư. b. Các tiện ích: Toàn bộ các công trình hạ tầng như hệ thống cấp điện, cấp nước, đường giao thông, thông tin liên lạc ... tại Khu Công nghiệp Đà Nẵng đã được đầu tư xây dựng hoàn chỉnh, sẵn sàng phục vụ cho các dự án đầu tư. c. Các ngành công nghiệp ưu tiên kêu gọi đầu tư: - Dệt và may mặc (trừ nhuộm). - Giày da, túi xách và các sản phẩm may da hoặc giả da (trừ thuộc da). - Sản xuất và lắp ráp thiết bị điện, điện tử. - Chế biến sản phẩm công nghiệp, thực phẩm và thức uống giải khát. - Sản xuất bao bì, in ấn. - Sản xuất hàng thủ công mỹ nghệ, nữ trang. - Sản xuất đồ nhựa (trừ hạt nhựa). - Các dịch vụ thương mại và hỗ trợ đầu tư.', 1, 'Thông tin chung:  Khu Công nghiệp Đà Nẵng được thành lập theo Giấy Phép đầu tư số689/GP ngày 21/10/1993 của UBNN về Hợp tác và Đầu tư...'),
('10', '23', 'KHU CÔNG NGHIỆP DỊCH VỤ THỦY SẢN ĐÀ NẴNG', 'user4', '2008-11-17 14:59:12', 0, 'a. Thông tin chung: - Khu Công nghiệp Dịch vụ Thuỷ sản Đà Nẵng được thành lập theo Quyết định số 5210/UĐ-UB ngày 04/9/2001 (Giai đoạn 1) và Quyết định số 10939/UĐ-UB ngày 31/12/2002 (Giai đoạn 2) của Chủ tịch UBND thành phố Đà Nẵng với tổng diện tích là 77,3 ha, nằm tại Quận Sơn Trà, thành phố Đà Nẵng, cách trung tâm thành phố Đà Nẵng 3,5 km, cách Cảng biển Tiên Sa 2,5km, cách Cảng biển Liên Chiểu 18,5 km. - Dự án do Công ty Phát triển và Khai thác hạ tầng Khu Công nghiệp Đà Nẵng (Daizico) trực thuộc Ban Quản lý các Khu Công nghiệp và Chế xuất Đà Nẵng thực hiện. b. Các tiện ích: Công trình hạ tầng như hệ thống cấp điện, cấp nước, đường giao thông, thông tin liên lạc ... tại Khu Công nghiệp Dịch vụ thủy sản Đà Nẵng đang được đầu tư xây dựng sẵn sàng phục vụ cho các dự án đầu tư. c. Các ngành công nghiệp ưu tiên kêu gọi đầu tư: - Công nghiệp chế biến thuỷ sản; - Dịch vụ hậu cần cảng cá', 1, 'a. Thông tin chung: - Khu Công nghiệp Dịch vụ Thuỷ sản Đà Nẵng được thành lập theo Quyết định số 5210/UĐ-UB ngày 04/9/2001 (Giai đoạn 1) ...'),
('10', '24', 'KHU CÔNG NGHIỆP HÒA CẦM', 'user5', '2009-03-12 15:01:27', 0, '. Thông tin chung:  KCN Hoà Cầm có tổng diện tích 266 ha, được chia làm 2 giai đoạn.  Giai đoạn 1: thành lập theo Quyết định số 2459/QĐ-UB ngày 25/4/2003 của Chủ tịch UBND thành phố Đà Nẵng có diện tích là 137ha. Giai đoạn 2: thành lập theo Quyết định số:..../QĐ-UB ngày ..tháng ...năm...diện tích 129ha. KCN Hòa Cầm nằm cách trung tâm thành phố Đà Nẵng 8km, cách các công trình hạ tầng quan trọng như: cảng biển Tiên Sa, cảng biển Liên Chiểu, sân bay quốc tế Đà Nẵng đều nằm trong khoảng từ 5 đến 7km. b. Các tiện ích: Công trình hạ tầng như hệ thống cấp điện, cấp nước, đường giao thông, thông tin liên lạc ... tại Khu Công nghiệp Hòa Cầm đang được đầu tư xây dựng sẵn sàng phục vụ cho các dự án đầu tư. c. Các ngành công nghiệp ưu tiên kêu gọi đầu tư: - Công nghiệp điện tử, cơ khí, lắp ráp; - Công nghiệp chế biến nông sản thực phẩm, thuỷ sản; - Công nghiệp vật liêu xây dựng, trang trí nội thất cao cấp; - Công nghiệp khác (nhựa, hoá mỹ phẩm, bao bì...). d. Giá thuê đất:  - Dự án đầu tư trong nước:  Phương thức trả	 Giá (usd/m2/năm)  	Giá đất chưa được phê duyệt', 1, '. Thông tin chung:  KCN Hoà Cầm có tổng diện tích 266 ha, được chia làm 2 giai đoạn.  Giai đoạn 1: thành lập theo Quyết định số 2459/QĐ-UB ngày...'),
('10', '25', 'KHU CÔNG NGHIỆP HÒA KHÁNH', 'user1', '2009-01-26 15:03:16', 0, '. Thông tin chung: - Khu công nghiệp Hòa Khánh được thành lập theo Quyết định số 3698/QĐ-UB ngày 12/12/1996 của Chủ tịch Ủy ban nhân dân tỉnh Quảng Nam Đà Nẵng (cũ), thuộc phường Hòa Khánh, quận Liên Chiểu; với tổng diện tích ban đầu là 423,5ha, nằm cách sân bay quốc tế Đà Nẵng 10km, cảng biển Tiên Sa 20km, cảng Sông Hàn 13km, cảng biển Liên Chiểu 5km.  - Dự án do Công ty Phát triển và Khai thác hạ tầng Khu công nghiệp Đà Nẵng (Daizico) trực thuộc Ban Quản lý các Khu công nghiệp và Chế xuất Đà Nẵng thực hiện. - Các công trình hạ tầng kỹ thuật như hệ thống cấp điện, cấp nước, bưu chính viễn thông ... đều đã được đầu tư xây dựng hoàn chỉnh, sẵn sàng phục vụ các nhà đầu tư đến đầu tư xây dựng nhà xưởng sản xuất và kinh doanh. Các dịch vụ phục vụ sản xuất công nghiệp luôn sẵn có để đáp ứng ngay nhu cầu của các nhà đầu tư. b. Các ngành công nghiệp ưu tiên kêu gọi đầu tư: - Cơ khí, lắp ráp, điện tử, may mặc; - Chế biến nông lâm hải sản; - Sản phẩm sau hóa dầu như bao bì, nhựa; - Vật liệu xây dựng cao cấp với quy mô trung bình và nhỏ.', 1, '. Thông tin chung: - Khu công nghiệp Hòa Khánh được thành lập theo Quyết định số 3698/QĐ-UB ngày 12/12/1996 của Chủ tịch Ủy ban nhân dân tỉnh...'),
('10', '26', 'Hoà khánh mở rộng ', 'user7', '2009-02-24 15:05:28', 0, '. Thông tin chung: - Khu công nghiệp Hòa Khánh Mở rộng được thành lập theo Quyết định số 2001/QĐ-UB ngày 25/3/2004 của Chủ tịch Ủy ban nhân dân thành phố Đà Nẵng, thuộc quận Liên Chiểu; với tổng diện tích là 316,52 ha, nằm cách sân bay quốc tế Đà Nẵng 10km, cảng biển Tiên Sa 20km, cảng Sông Hàn 13km, cảng biển Liên Chiểu 5km.  - Dự án do Công ty cổ phần Đầu tư Sài Gòn - Đà Nẵng (SDN) thực hiện. - Các công trình hạ tầng kỹ thuật như hệ thống cấp điện, cấp nước, bưu chính viễn thông ... đều đã được đầu tư xây dựng hoàn chỉnh, sẵn sàng phục vụ các nhà đầu tư đến đầu tư xây dựng nhà xưởng sản xuất và kinh. Các dịch vụ phục vụ sản xuất công nghiệp luôn sẵn có để đáp ứng ngay nhu cầu của các nhà đầu tư. b. Các ngành công nghiệp ưu tiên kêu gọi đầu tư: - Cơ khí, lắp ráp, điện tử, may mặc; - Chế biến nông lâm hải sản; - Sản phẩm sau hóa dầu như bao bì, nhựa; - Vật liệu xây dựng cao cấp với quy mô trung bình và nhỏ.', 1, '. Thông tin chung: - Khu công nghiệp Hòa Khánh Mở rộng được thành lập theo Quyết định số 2001/QĐ-UB ngày 25/3/2004 của Chủ tịch Ủy ban nhân dân...'),
('10', '27', 'KHU CÔNG NGHIỆP LIÊN CHIỂU', 'user6', '2009-01-15 15:06:53', 0, '. Thông tin chung: - Khu công nghiệp Liên Chiểu được thành lập theo Quyết định số 344/QĐ-TTg ngày 18/4/1998 của Thủ tướng Chính Phủ, thuộc phường Hòa Hiệp, quận Liên Chiểu; với tổng diện tích là 373,5 ha nằm cách sân bay quốc tế Đà Nẵng 15 km, cảng biển Tiên Sa 25 km, cảng Sông Hàn 18 km, nằm sát với cảng biển Liên Chiểu và tiếp giáp với cửa ra phía Nam của đường hần đèo Hải Vân. - Dự án do Công ty cổ phần Đầu tư Sài Gòn - Đà Nẵng (SDN) thực hiện. b. Các tiện ích: Các công trình hạ tầng kỹ thuật như hệ thống cấp điện, cấp nước, bưu chính viễn thông ... đều đã được đầu tư xây dựng hoàn chỉnh, sẵn sàng phục vụ các nhà đầu tư đến đầu tư xây dựng nhà xưởng sản xuất và kinh. Các dịch vụ phục vụ sản xuất công nghiệp luôn sẵn có để đáp ứng ngay nhu cầu của các nhà đầu tư. c. Các ngành công nghiệp ưu tiên kêu gọi đầu tư: - Các ngành công nghiệp nặng: luyện cán thép, cao su... - Các doanh nghiệp xi măng, hoá chất; - Các doanh nghiệp chế phẩm vật liệu xây dựng, lắp ráp cơ khí ...', 1, '. Thông tin chung: - Khu công nghiệp Liên Chiểu được thành lập theo Quyết định số 344/QĐ-TTg ngày 18/4/1998 của Thủ tướng Chính Phủ, thuộc phường...'),
('7', '28', 'VỊ TRÍ CHIẾN LƯỢC', 'user5', '2009-02-06 15:24:00', 0, 'Thành phố Đà Nẵng ở trung độ của đất nước, cách Hà Nội 759km và thành phố Hồ Chí Minh 960km, nằm trên trục giao thông Bắc - Nam về đường bộ (Quốc lộ 1A), đường sắt, đường biển và đường hàng không; phía bắc giáp Thừa Thiên-Huế, phía nam và phía tây giáp tỉnh Quảng Nam, phía đông giáp biển Đông. Thành phố nằm trong vùng khí hậu nhiệt đới gió mùa, nhiệt độ trung bình hàng năm là 25,70C, có diện tích tự nhiên 1.256 km2, dân số năm 2008 là 822.300 người, gồm 6 quận và 2 huyện.          I.1. Đà Nẵng - thành phố động lực của Vùng kinh tế trọng điểm miền Trung     Ngày 13 tháng 8 năm 2004, Thủ tuớng Chính phủ đã ký quyết định thành lập Vùng kinh tế trọng điểm miền Trung gồm năm tỉnh và thành phố: Thừa Thiên - Huế, Đà Nẵng, Quảng Nam, Quảng Ngãi và Bình Định nhằm  phát huy tiềm năng, vị trí địa lý và các lợi thế so sánh của vùng, từng bước phát triển Vùng kinh tế trọng điểm miền Trung thành một trong những vùng phát triển năng động của cả nước. Trong đó, Đà Nẵng được xác định là thành phố đóng vai trò hạt nhân tăng trưởng, tạo động lực thúc đẩy phát triển cho cả khu vực miền Trung và Tây Nguyên.     Trong những năm gần đây, Chính phủ đang tập trung nguồn lực đầu tư cho Vùng kinh tế trọng điểm miền Trung. Nhiều dự án lớn về kết cấu hạ tầng đã và đang được triển khai như  xây dựng đường hầm xuyên đèo Hải Vân - một trong mười công trình đường hầm lớn nhất Đông Nam Á nối Huế với Đà Nẵng; đường cao tốc Đà Nẵng – Quảng Ngãi; Khu kinh tế mở Chu Lai (Quảng Nam); Khu kinh tế Dung Quất (Quảng Ngãi) gắn với phát triển công nghiệp lọc, hóa dầu; Khu kinh tế Nhơn Hội (Bình Định); nâng cấp và mở rộng sân bay quốc tế Đà Nẵng…', 1, 'Thành phố Đà Nẵng ở trung độ của đất nước, cách Hà Nội 759km và thành phố Hồ Chí Minh 960km, nằm trên trục giao thông Bắc - Nam về đường bộ (Quốc...');
INSERT INTO `baiviet` (`MaCTDM`, `MaBV`, `TenBV`, `Nguoiviet`, `Ngayviet`, `Lantruycap`, `NoidungBV`, `trangthai`, `gioithieu`) VALUES
('7', '29', 'Cửa ngõ phía đông của tuyến Hành lang kinh tế Đông', 'user2', '2010-01-05 15:25:27', 0, 'Hành lang kinh tế Đông Tây là một trong năm hành lang kinh tế được phát triển theo sáng kiến của Ngân hàng Phát triển Châu Á ở khu vực tiểu vùng sông Mê Kông. Đây là tuyến giao thông dài 1450km đi qua bốn nước, bắt đầu từ thành phố cảng Mawlamyine đến cửa khẩu Myawaddy (Myanma), đi qua bảy tỉnh của Thái Lan tới Lào và cuối cùng đến Việt Nam (chạy từ cửa khẩu Lao Bảo qua các tỉnh Quảng Trị, Thừa Thiên – Huế tới cảng Đà Nẵng     Hiện nay, hệ thống đường bộ trên lãnh thổ Lào, Thái Lan và tuyến đường bộ từ Đà Nẵng đến Savanakhet đã hoàn tất. Chiếc cầu quốc tế thứ hai bắc qua sông Mê Kông được hoàn thành vào cuối năm 2006 tạo thụân lợi cho việc lưu thông hàng hoá và hành khách bằng đường bộ từ Đà Nẵng đến các tỉnh Đông Bắc Thái Lan và ngược lại. Hành lang Kinh tế Đông Tây không chỉ đem lại cơ hội cho các quốc gia trên tuyến đường đẩy mạnh hợp tác khu vực và nâng cao mức sống cho nhân dân mà còn tạo khả năng cho các doanh nghiệp tiếp cận tốt hơn các vùng nguyên liệu, thị trường dịch vụ, vốn, công nghệ và lao động...nhằm tạo điều kiện thuận lợi cho việc đầu tư và buôn bán qua biên giới, đa dạng hóa hoạt động kinh tế và xuất khẩu, thúc đẩy phát triển du lịch.     Cảng Đà Nẵng được xác định là một trong những trọng điểm của tuyến hành lang kinh tế Đông Tây và là cửa ngõ ra Thái Bình Dương, cảng xuất nhập khẩu hàng hóa của cả vùng nội địa giàu tiềm năng chưa được khai thác ở  Lào, vùng Đông Bắc Thái Lan, Myanma và miền Trung Việt Nam. Khi việc tự do hóa thương mại và đầu tư khu vực ASEAN được thực hiện thì vị trí của thành phố cảng sẽ là một lợi thế quan trọng tạo điều kiện thuận lợi cho Đà Nẵng mở rộng giao lưu kinh tế với các nước, tạo lực để thành phố trở thành trung tâm của Vùng kinh tế trọng điểm miền Trung.', 1, 'Hành lang kinh tế Đông Tây là một trong năm hành lang kinh tế được phát triển theo sáng kiến của Ngân hàng Phát triển Châu Á ở khu vực tiểu vùng...'),
('7', '30', ' Cửa vào của các di sản văn hoá và thiên nhiên thế', 'user7', '2009-06-26 15:27:01', 0, 'Đà Nẵng nằm ở trung tâm của “Con đường di sản thế giới” dài 1500km, trải dọc bờ biển miền Trung từ thành phố Vinh đến Đà Lạt. Từ Đà Nẵng, theo Quốc lộ 1A, du khách có thể tiếp cận một cách nhanh chóng và thuận lợi bốn trong số năm di sản thế giới ở Việt Nam - một tài sản vô giá được thiên nhiên ưu đãi và do tiền nhân để lại trên dải đất miền Trung, gồm Phong Nha - Kẻ Bàng, cố đô Huế, Hội An và Mỹ Sơn.     Cách Đà Nẵng khoảng 100km về phía bắc, du khách sẽ được chiêm ngưỡng vẻ đẹp của những cung điện, lăng tẩm và những phong cảnh hữu tình của cố đô Huế, kinh đô cuối cùng triều đại quân chủ Việt Nam. Bên cạnh din văn hoá vật thể, Nhã nhạc Cung đình Huế - loại nhạc được sử dụng trong các nghi lễ, yến tiệc của triều đình - được UNESCO ghi tên vào danh mục các kiệt tác di sản phi vật thể của nhân loại. Xa hơn nữa, khoảng 300km về phía bắc từ Đà Nẵng là vườn quốc gia Phong Nha - Kẻ Bàng. Động Phong Nha có chiều dài 13.000m gồm 14 hang có chiều cao từ 10-40m với cảnh trí tự nhiên huyền ảo do các nhũ đá tạo thành. Trong vườn quốc gia Phong Nha - Kẻ Bàng còn có cả một khu rừng nguyên sinh với nhiều động thực vật quý hiếm như vượn bạc má, cá chép tím, rùa vàng và có cây chò hàng ngàn năm tuổi. Phong Nha-Kẻ Bàng nằm trong danh sách bình chọn 7 kỳ quan thiên nhiên mới của thế giới.     Cách Đà Nẵng hơn 30km về phía đông nam là đô thị cổ Hội An, nơi đây từ thế kỷ XVI đã là một thương cảng sầm uất, là nơi giao thoa của các nền văn hoá phương Tây, Nhật Bản, Trung Quốc...với hơn 1.000 di tích văn hoá lịch sử đang được lưu giữ. Từ Đà Nẵng đi về phía tây nam khoảng 70 km, du khách sẽ đến thăm thánh địa Mỹ Sơn với di tích của hơn 70 công trình kiến trúc bằng gạch, đá sa thạch phản ánh các phong cách kiến trúc đa dạng và nền văn hoá Champa được xây dựng từ thế kỷ thứ 7 đến thế kỷ 13.      Với lợi thế về vị trí địa lý và tiềm năng phát triển kinh tế, du lịch phong phú, đa dạng, Đà Nẵng thực sự là một điểm dừng chân lý tưởng cho du khách cũng như các nhà đầu tư ở miền Trung Việt Nam.', 1, 'Đà Nẵng nằm ở trung tâm của “Con đường di sản thế giới” dài 1500km, trải dọc bờ biển miền Trung từ thành phố Vinh đến Đà Lạt. Từ Đà Nẵng, theo Quốc...'),
('7', '31', 'CƠ SỞ HẠ TẦNG VÀ DỊCH VỤ ĐẦU TƯ KHÁ HOÀN THIỆN', 'user6', '2009-06-18 15:31:48', 0, 'Thành phố Đà Nẵng là một đầu mối giao thông quan trọng của khu vực miền Trung - Tây Nguyên và cả nước với hệ thống sân bay quốc tế, cảng biển nước sâu, các tuyến đường bộ, đường sắt Bắc Nam đã phát triển hoàn chỉnh và thuận lợi     Cảng Đà Nẵng là cảng thương mại lớn thứ ba ở Việt Nam sau cảng Sài Gòn và cảng Hải Phòng. Với độ sâu cầu cảng 11m, hệ thống kho bãi và trang thiết bị đồng bộ vừa được nâng cấp bằng nguồn vốn của Chính phủ Nhật Bản, cảng Đà Nẵng có thể tiếp nhận các loại tàu hàng có trọng tải 45.000 DWT và các tàu chuyên dùng khác như tàu container, tàu khách, tàu hàng siêu trường siêu trọng. Năng lực bốc dỡ hàng hoá 4 triệu tấn/năm. Từ cảng Đà Nẵng hiện có các tuyến tàu biển quốc tế đi Hồng Kông, Singapore, Nhật Bản, Đài Loan và Hàn Quốc.  Sân bay quốc tế Đà Nẵng là một trong ba sân bay tốt nhất của Việt Nam. Ngoài các chuyến bay nội địa, hàng tuần còn có các chuyến bay quốc tế trực tiếp từ Đà Nẵng đi Singapore, Bangkok, Đài Bắc. Trong tương lai không xa sẽ mở thêm các tuyến bay đi Hồng Kông, Nhật Bản và Hàn Quốc. Sân bay quốc tế Đà Nẵng hiện đang được nâng cấp, mở rộng nhằm đáp ứng nhu cầu vận chuyển khách và hàng hóa ngày càng tăng.     Hệ thống đường giao thông trong và ngoài thành phố không ngừng được mở rộng và xây mới. Nhiều công trình lớn đã đưa vào sử dụng hoặc đang trong giai đoạn hoàn thiện như đường Nguyễn Tất Thành, đường Điện Biên Phủ, đường Ngô Quyền, đường Bạch Đằng, đường Sơn Trà - Điện Ngọc, hầm đường bộ qua đèo Hải Vân, cầu Sông Hàn, cầu Tuyên Sơn, cầu Thuận Phước…không chỉ tạo điều kiện thuận lợi về giao thông và phát triển du lịch mà còn tạo cảnh quan, làm thay đổi cơ bản diện mạo của một đô thị thuộc loại sầm uất nhất ở miền Trung Việt Nam.     Hệ thống bưu chính viễn thông: Đà Nẵng là một trong ba trung tâm bưu chính viễn thông lớn của đất nước, có trạm cáp quang biển quốc tế SE-ME-WE 3, đường truyền quốc tế tốc độ 355Mbps với chất lượng tốt hàng đầu các nước Đông Nam Á. Bưu điện Đà Nẵng hiện đang cung cấp các dịch vụ viễn thông đa d', 1, 'Thành phố Đà Nẵng là một đầu mối giao thông quan trọng của khu vực miền Trung - Tây Nguyên và cả nước với hệ thống sân bay quốc tế...'),
('7', '32', 'TIỀM NĂNG DU LỊCH PHONG PHÚ ', 'user7', '2009-10-19 15:33:06', 0, 'Nằm trên “Con đường Di sản thế giới”, gần kề với bốn di sản văn hóa và thiên nhiên thế giới, gắn liền với “Đường Trường Sơn huyền thoại”, thành phố Đà Nẵng được du khách biết đến như là một trong những điểm nhấn của du lịch miền Trung.     Thiên nhiên đã ban tặng cho thành phố gần 70km bờ biển với nhiều bãi tắm đẹp, quanh năm chan hòa ánh nắng như biển Nam Ô, Xuân Thiều, Thanh Bình, Bắc Mỹ An, Non nước... Chính vì lẽ đó biển Đà Nẵng đã được tạp chí uy tín Forbes của Mỹ bình chọn là một trong những bãi biển quyến rũ nhất hành tinh.     Một trong những điểm du lịch của thành phố hiện đang hấp dẫn du khách là bán đảo Sơn Trà. Đây không chỉ là khu bảo tồn thiên nhiên mà còn là khu du lịch sinh thái có thể phát triển các loại hình du lịch biển, du lịch thể thao hấp dẫn như leo núi, lặn biển, tắm suối, câu cá...     Nói đến Đà Nẵng không thể không nói đến Ngũ Hành Sơn – một trong những biểu tượng của thành phố với một quần thể hang động kỳ ảo và những ngôi chùa cổ kính. Ngay dưới chân núi là ngôi làng điêu khắc đá với hàng trăm nghệ nhân nổi tiếng tài hoa.     Đà Nẵng còn nổi tiếng bởi Khu Du lịch Bà Nà - “Đà Lạt của miền Trung”. Nơi đây có khí hậu mát mẻ quanh năm, cảnh vật nên thơ và nhiều khu rừng có hệ động thực vật đa dạng, phong phú.     Bên cạnh đó, đến Đà Nẵng du khách còn có dịp đến với một vùng đất lưu giữ nhiều di tích lịch sử như Bảo tàng Chăm - bảo tàng duy nhất ở Đông Nam Á lưu giữ di sản văn hóa Chămpa độc đáo với hơn 400 tác phẩm điêu khắc nguyên bản được sáng tạo trong giai đoạn từ thế kỷ thứ VI đến thế kỷ XIII và các chứng tích mang đậm truyền thống anh hùng của nhân dân thành phố trong cuộc kháng chiến vĩ đại của dân tộc như Bảo tàng Đà Nẵng..     Song có thể nói, tạo nên phần hồn cho thành phố Đà Nẵng chính là những sinh hoạt lễ hội dân gian truyền thống như lễ hội Quán Thế Âm, lễ hội Cầu Ngư, hát bài chòi, hò chèo thuyền, hò khoan, đua thuyền... phản ánh đời sống tinh thần phong phú và mang đậm bản sắc dân tộc của người dân nơi đây. Đặc biệt, Hát Tuồn', 1, 'Nằm trên “Con đường Di sản thế giới”, gần kề với bốn di sản văn hóa và thiên nhiên thế giới, gắn liền với “Đường Trường Sơn huyền thoại...'),
('7', '33', 'CHẤT LƯỢNG CUỘC SỐNG', 'user2', '2008-02-29 15:45:06', 0, 'Cùng với tiến trình đô thị hóa, sự tăng trưởng kinh tế trong những năm qua đã giúp cho đời sống vật chất và tinh thần của người dân Đà Nẵng không ngừng được cải thiện.     Mạng lưới giao thông, các dịch vụ công cộng và cơ sở hạ tầng đô thị đã và đang được xây dựng, chỉnh trang giúp cho điều kiện sống ở thành phố trở nên thuận lợi hơn. Những khu dân cư được quy hoạch, những đường phố mới, công viên, bãi tập thể dục, siêu thị, trung tâm thương mại, nơi dạo chơi hóng mát của người dân,…đã làm thay đổi cơ bản diện mạo của thành phố. Các giá trị văn hóa, các loại hình nghệ thuật truyền thống thường xuyên được gìn giữ và phát huy. Nhiều thiết chế văn hoá, cơ sở giáo dục - đào tạo, y tế và các dịch vụ vui chơi giải trí như trung tâm hội nghị - triển lãm, nhà biểu diễn đa năng, trường học, bệnh viện, sân gôn…đạt chuẩn quốc tế đang được đầu tư xây dựng nhằm nâng cao chất lượng cuộc sống của nhân dân đồng thời đáp ứng nhu cầu của những nguời nước ngoài đang và sẽ đến đầu tư, làm việc và đi du lịch tại thành phố. Ngoài ra, giá cả sinh hoạt tại Đà Nẵng hiện chỉ ở mức trung bình so với cả nước.     Đà Nẵng là một trong những thành phố sạch, đẹp và an toàn nhất cả nước. Diện tích vườn hoa, thảm cỏ ở khu vực nội thị ngày càng tăng, hàng ngàn cây xanh được trồng mới. Rác thải được thu gom, xử lý tốt. Nhiều phong trào như “Vì một thành phố xanh, sạch, đẹp", "Xây dựng nếp sống văn minh đô thị", "Phòng chống tệ nạn xã hội", các chương trình “Thành phố năm không”, “Thành phố ba có”,vv…đã và đang được thực hiện, thu hút sự tham gia đông đảo của nhân dân.     Khác với những thành phố lớn ở Việt Nam, bên cạnh sự sôi động, tấp nập của một đô thị đang trên đà phát triển, cuộc sống ở Đà Nẵng luôn đem lại cảm giác thanh bình, dễ chịu và gần gũi với thiên nhiên. Đà Nẵng là một trong số rất ít những tỉnh/thành ở Việt Nam có sự kết hợp hài hòa giữa núi cao, rừng thẳm, biển dài, sông sâu. Sau giờ làm việc bạn có thể dễ dàng tìm được không gian để thư giãn bên bờ sông Hàn lộng gió hoặc trên những ', 1, 'Cùng với tiến trình đô thị hóa, sự tăng trưởng kinh tế trong những năm qua đã giúp cho đời sống vật chất và tinh thần của người dân Đà Nẵng...'),
('6', '34', ' NGUỒN NHÂN LỰC DỒI DÀO VÀ ĐƯỢC ĐÀO TẠO ', 'user1', '2009-06-09 15:55:18', 0, 'Đà Nẵng có nguồn nhân lực dồi dào (nguồn lao động chiếm hơn 50% dân số thành phố), chủ yếu là trẻ, khỏe. Số lao động có chuyên môn kỹ thuật đã qua đào tạo chiếm gần một phần tư lực lượng lao động. Chi phí lao động ở Đà Nẵng thấp hơn so với một số thành phố khác trong nước.     Đà Nẵng là một trong những tỉnh thành trong cả nước có các chỉ số phát triển giáo dục cao với hệ thống giáo dục khá hoàn chỉnh, tạo nền tảng thuận lợi và vững chắc cho việc phát triển nguồn nhân lực của thành phố nhằm thực hiện các mục tiêu nâng cao chất lượng nguồn nhân lực, chất lượng cuộc sống. Thành phố đã hoàn thành phổ cập giáo dục trung học cơ sở và đang tiến tới thực hiện mục tiêu phổ cập giáo dục phổ thông trung học. Thành phố có 14 trường đại học, cao đẳng và 15 trường trung học chuyên nghiệp với gần 140.000 sinh viên. Hệ thống các trường này thực hiện chuyên ngành đào tạo trên hầu hết các lĩnh vực khoa học, kỹ thuật, công nghệ thông tin, kinh tế, quản trị kinh doanh, ngoại ngữ và sư phạm... Đại học Đà Nẵng còn hợp tác với trường đại học của các quốc gia có nền giáo dục tiên tiến như Pháp, Mỹ, Nhật Bản, Australia, Canada, New Zealand... trong việc đào tạo nguồn nhân lực tại chỗ cũng như đưa sinh viên sang học tập tại các nước này.     Trung tâm Công nghệ phần mềm Đà Nẵng hiện là một trong những đơn vị sản xuất phần mềm hàng đầu tại Việt Nam và là trung tâm đào tạo công nghệ thông tin hàng đầu của khu vực miền Trung. Trong những năm qua, Trung tâm Công nghệ phần mềm Đà Nẵng đã hợp tác chặt chẽ với các công ty của Ấn Độ (Aptech) và Nhật Bản (AOTS) để đào tạo lập trình viên, kỹ thuật viên và kỹ sư công nghệ thông tin đạt trình độ quốc tế.     Ngoài ra thành phố còn có khoảng 55 trung tâm dạy nghề thường xuyên cung cấp các khóa đào tạo ngắn hạn về tin học, may công nghiệp, cơ khí, điện - điện tử, kỹ thuật xây dựng, vv...     Hàng năm các trường đại học, trung học chuyên nghiệp và dạy nghề tại Đà Nẵng đã đào tạo hàng ngàn lao động có trình độ chuyên môn kỹ thuật, trình độ tay nghề đáp ứng', 1, 'Đà Nẵng có nguồn nhân lực dồi dào (nguồn lao động chiếm hơn 50% dân số thành phố), chủ yếu là trẻ, khỏe. Số lao động có chuyên môn kỹ thuật...'),
('null', '35', '', 'Admin', '0000-00-00 00:00:00', 0, '', 0, 'null');

-- --------------------------------------------------------

--
-- Table structure for table `ctdm`
--

CREATE TABLE IF NOT EXISTS `ctdm` (
  `MaDM` char(10) COLLATE utf8_unicode_ci NOT NULL,
  `MaCTDM` char(10) COLLATE utf8_unicode_ci NOT NULL,
  `TenCTDM` varchar(50) COLLATE utf8_unicode_ci NOT NULL,
  PRIMARY KEY (`MaCTDM`)
) ENGINE=MyISAM DEFAULT CHARSET=utf8 COLLATE=utf8_unicode_ci;

--
-- Dumping data for table `ctdm`
--

INSERT INTO `ctdm` (`MaDM`, `MaCTDM`, `TenCTDM`) VALUES
('dm1', '1', 'Kinh tế xã hội'),
('dm1', '2', 'An ninh quốc phòng'),
('dm1', '3', 'Vị trí địa lý'),
('dm2', '4', 'Tài nguyên thiên nhiên'),
('dm2', '5', 'Du lịch'),
('dm2', '6', 'Ngồn nhân lực'),
('dm3', '7', 'Chính sách thu hút đầu tư'),
('dm3', '8', 'Thủ tục hành chính'),
('dm3', '9', 'Hướng dẫn pháp luật'),
('dm3', '10', 'Các khu công nghiệp');

-- --------------------------------------------------------

--
-- Table structure for table `danhmuc`
--

CREATE TABLE IF NOT EXISTS `danhmuc` (
  `MaDM` char(10) COLLATE utf8_unicode_ci NOT NULL,
  `TenDM` varchar(50) COLLATE utf8_unicode_ci NOT NULL,
  PRIMARY KEY (`MaDM`)
) ENGINE=MyISAM DEFAULT CHARSET=utf8 COLLATE=utf8_unicode_ci;

--
-- Dumping data for table `danhmuc`
--

INSERT INTO `danhmuc` (`MaDM`, `TenDM`) VALUES
('dm1', 'Giới thiệu'),
('dm2', 'Thế mạnh'),
('dm3', 'Chính sách');

-- --------------------------------------------------------

--
-- Table structure for table `search`
--

CREATE TABLE IF NOT EXISTS `search` (
  `MaBV` char(10) COLLATE utf8_unicode_ci NOT NULL,
  `TenBV` varchar(50) COLLATE utf8_unicode_ci NOT NULL,
  `Nguoiviet` varchar(50) COLLATE utf8_unicode_ci NOT NULL,
  `Ngayviet` datetime NOT NULL,
  `NoidungBV` varchar(2000) COLLATE utf8_unicode_ci NOT NULL
) ENGINE=MyISAM DEFAULT CHARSET=utf8 COLLATE=utf8_unicode_ci;

--
-- Dumping data for table `search`
--


-- --------------------------------------------------------

--
-- Table structure for table `taikhoan`
--

CREATE TABLE IF NOT EXISTS `taikhoan` (
  `usename` char(25) COLLATE utf8_unicode_ci NOT NULL,
  `password` char(15) COLLATE utf8_unicode_ci NOT NULL,
  `email` varchar(50) COLLATE utf8_unicode_ci NOT NULL,
  `diachi` varchar(50) COLLATE utf8_unicode_ci NOT NULL,
  `dienthoai` int(12) NOT NULL,
  `quyen` int(2) NOT NULL,
  PRIMARY KEY (`usename`)
) ENGINE=MyISAM DEFAULT CHARSET=utf8 COLLATE=utf8_unicode_ci;

--
-- Dumping data for table `taikhoan`
--

INSERT INTO `taikhoan` (`usename`, `password`, `email`, `diachi`, `dienthoai`, `quyen`) VALUES
('Admin', '1236789', 'Admin@nn.vtc', '100- Trưng Nữ Vương', 1230985875, 1),
('user1', '123abc', 'user1@tt,nap', '525 – Trưng Nữ Vương', 987234789, 0),
('user2', '8a23b96d7577a93', 'user1@nn,org', '97 – Nguyễn Tri Phương', 98274653, 0),
('user3', '25f9e794323b453', '888999@gmail.com', '123 – Bạch Đằng', 988777999, 0),
('user4', '111111', 'user4@TT.com', '245-Tôn trung sơn', 989898989, 0),
('user5', '555555', 'user5@NN.com', '201 Hoàng châu', 123456978, 0),
('user6', '666666', 'user6@SS.com', '235 - Hoàng Diệu', 989999888, 0),
('user7', '777777', 'user7@77.com', '106 - Hoàng Diệu', 912444888, 0),
('nhun', 'nghsw5r', 'ndfq@yahoo.com', '', 0, 0);
